{
  "average_direct_effects": [
    57.09214743589744,
    57.09214743589744,
    57.09214743589744,
    57.09214743589744,
    57.09214743589744,
    57.09214743589744,
    57.09214743589744,
    57.09214743589744,
    57.09214743589744,
    57.09214743589744,
    57.09214743589744,
    57.09214743589744
  ],
  "average_indirect_effects": [
    79.24719551282051,
    79.24719551282051,
    79.24719551282051,
    79.24719551282051,
    79.24719551282051,
    79.24719551282051,
    79.24719551282051,
    79.24719551282051,
    79.24719551282051,
    79.24719551282051,
    79.24719551282051,
    79.24719551282051
  ],
  "top_direct_layers": [
    11,
    10,
    9
  ],
  "top_indirect_layers": [
    11,
    10,
    9
  ],
  "all_example_effects": [
    {
      "direct_effects": [
        72.125,
        72.125,
        72.125,
        72.125,
        72.125,
        72.125,
        72.125,
        72.125,
        72.125,
        72.125,
        72.125,
        72.125
      ],
      "indirect_effects": [
        65.25,
        65.25,
        65.25,
        65.25,
        65.25,
        65.25,
        65.25,
        65.25,
        65.25,
        65.25,
        65.25,
        65.25
      ]
    },
    {
      "direct_effects": [
        50.5625,
        50.5625,
        50.5625,
        50.5625,
        50.5625,
        50.5625,
        50.5625,
        50.5625,
        50.5625,
        50.5625,
        50.5625,
        50.5625
      ],
      "indirect_effects": [
        48.375,
        48.375,
        48.375,
        48.375,
        48.375,
        48.375,
        48.375,
        48.375,
        48.375,
        48.375,
        48.375,
        48.375
      ]
    },
    {
      "direct_effects": [
        72.375,
        72.375,
        72.375,
        72.375,
        72.375,
        72.375,
        72.375,
        72.375,
        72.375,
        72.375,
        72.375,
        72.375
      ],
      "indirect_effects": [
        59.125,
        59.125,
        59.125,
        59.125,
        59.125,
        59.125,
        59.125,
        59.125,
        59.125,
        59.125,
        59.125,
        59.125
      ]
    },
    {
      "direct_effects": [
        56.375,
        56.375,
        56.375,
        56.375,
        56.375,
        56.375,
        56.375,
        56.375,
        56.375,
        56.375,
        56.375,
        56.375
      ],
      "indirect_effects": [
        51.90625,
        51.90625,
        51.90625,
        51.90625,
        51.90625,
        51.90625,
        51.90625,
        51.90625,
        51.90625,
        51.90625,
        51.90625,
        51.90625
      ]
    },
    {
      "direct_effects": [
        61.71875,
        61.71875,
        61.71875,
        61.71875,
        61.71875,
        61.71875,
        61.71875,
        61.71875,
        61.71875,
        61.71875,
        61.71875,
        61.71875
      ],
      "indirect_effects": [
        58.28125,
        58.28125,
        58.28125,
        58.28125,
        58.28125,
        58.28125,
        58.28125,
        58.28125,
        58.28125,
        58.28125,
        58.28125,
        58.28125
      ]
    },
    {
      "direct_effects": [
        52.8125,
        52.8125,
        52.8125,
        52.8125,
        52.8125,
        52.8125,
        52.8125,
        52.8125,
        52.8125,
        52.8125,
        52.8125,
        52.8125
      ],
      "indirect_effects": [
        56.3125,
        56.3125,
        56.3125,
        56.3125,
        56.3125,
        56.3125,
        56.3125,
        56.3125,
        56.3125,
        56.3125,
        56.3125,
        56.3125
      ]
    },
    {
      "direct_effects": [
        57.34375,
        57.34375,
        57.34375,
        57.34375,
        57.34375,
        57.34375,
        57.34375,
        57.34375,
        57.34375,
        57.34375,
        57.34375,
        57.34375
      ],
      "indirect_effects": [
        263.75,
        263.75,
        263.75,
        263.75,
        263.75,
        263.75,
        263.75,
        263.75,
        263.75,
        263.75,
        263.75,
        263.75
      ]
    },
    {
      "direct_effects": [
        53.46875,
        53.46875,
        53.46875,
        53.46875,
        53.46875,
        53.46875,
        53.46875,
        53.46875,
        53.46875,
        53.46875,
        53.46875,
        53.46875
      ],
      "indirect_effects": [
        39.3125,
        39.3125,
        39.3125,
        39.3125,
        39.3125,
        39.3125,
        39.3125,
        39.3125,
        39.3125,
        39.3125,
        39.3125,
        39.3125
      ]
    },
    {
      "direct_effects": [
        66.3125,
        66.3125,
        66.3125,
        66.3125,
        66.3125,
        66.3125,
        66.3125,
        66.3125,
        66.3125,
        66.3125,
        66.3125,
        66.3125
      ],
      "indirect_effects": [
        50.96875,
        50.96875,
        50.96875,
        50.96875,
        50.96875,
        50.96875,
        50.96875,
        50.96875,
        50.96875,
        50.96875,
        50.96875,
        50.96875
      ]
    },
    {
      "direct_effects": [
        46.5,
        46.5,
        46.5,
        46.5,
        46.5,
        46.5,
        46.5,
        46.5,
        46.5,
        46.5,
        46.5,
        46.5
      ],
      "indirect_effects": [
        54.8125,
        54.8125,
        54.8125,
        54.8125,
        54.8125,
        54.8125,
        54.8125,
        54.8125,
        54.8125,
        54.8125,
        54.8125,
        54.8125
      ]
    },
    {
      "direct_effects": [
        52.78125,
        52.78125,
        52.78125,
        52.78125,
        52.78125,
        52.78125,
        52.78125,
        52.78125,
        52.78125,
        52.78125,
        52.78125,
        52.78125
      ],
      "indirect_effects": [
        244.875,
        244.875,
        244.875,
        244.875,
        244.875,
        244.875,
        244.875,
        244.875,
        244.875,
        244.875,
        244.875,
        244.875
      ]
    },
    {
      "direct_effects": [
        45.46875,
        45.46875,
        45.46875,
        45.46875,
        45.46875,
        45.46875,
        45.46875,
        45.46875,
        45.46875,
        45.46875,
        45.46875,
        45.46875
      ],
      "indirect_effects": [
        67.4375,
        67.4375,
        67.4375,
        67.4375,
        67.4375,
        67.4375,
        67.4375,
        67.4375,
        67.4375,
        67.4375,
        67.4375,
        67.4375
      ]
    },
    {
      "direct_effects": [
        56.78125,
        56.78125,
        56.78125,
        56.78125,
        56.78125,
        56.78125,
        56.78125,
        56.78125,
        56.78125,
        56.78125,
        56.78125,
        56.78125
      ],
      "indirect_effects": [
        59.90625,
        59.90625,
        59.90625,
        59.90625,
        59.90625,
        59.90625,
        59.90625,
        59.90625,
        59.90625,
        59.90625,
        59.90625,
        59.90625
      ]
    },
    {
      "direct_effects": [
        61.90625,
        61.90625,
        61.90625,
        61.90625,
        61.90625,
        61.90625,
        61.90625,
        61.90625,
        61.90625,
        61.90625,
        61.90625,
        61.90625
      ],
      "indirect_effects": [
        24.109375,
        24.109375,
        24.109375,
        24.109375,
        24.109375,
        24.109375,
        24.109375,
        24.109375,
        24.109375,
        24.109375,
        24.109375,
        24.109375
      ]
    },
    {
      "direct_effects": [
        63.5,
        63.5,
        63.5,
        63.5,
        63.5,
        63.5,
        63.5,
        63.5,
        63.5,
        63.5,
        63.5,
        63.5
      ],